{"article_title": "Plasmablastic lymphoma: a review of current knowledge and future directions", "name": "G. Elyamany; E. Al Mussaed; A. M. Alzahrani", "journal": "", "doi_cited": "10.1155/2015/315289", "journal_type": "journal", "ref_id": "B1", "pmc": "4823591", "pmid": "27110244", "pmid_cited": ""}
{"article_title": "Immunization coverage: role of sociodemographic variables", "name": "B. Sharma; H. Mahajan; G. D. Velhal", "journal": "", "doi_cited": "10.1155/2013/607935", "journal_type": "journal", "ref_id": "B1", "pmc": "4279428", "pmid": "25579861", "pmid_cited": ""}
{"article_title": "Technique of intravesical laparoscopy for ureteric reimplantation to treat VUR", "name": "A. A. Thakre; C. K. Yeung", "journal": "", "doi_cited": "10.1155/2008/937231", "journal_type": "journal", "ref_id": "B1", "pmc": "4753724", "pmid": "26949388", "pmid_cited": ""}
{"article_title": "Variations in the progression of maturity onset diabetes according to body constitution", "name": "HM Chandola; SN Tripathi; KN Udupa", "journal": "Ancient Science of Life", "doi_cited": "", "journal_type": "journal", "ref_id": "ref1", "pmc": "4850785", "pmid": "27143808", "pmid_cited": "22556664"}
{"article_title": "Constitution and diabetes", "name": "HM Chandola; SN Tripathi; KN Udupa", "journal": "Ancient Science of Life", "doi_cited": "", "journal_type": "journal", "ref_id": "ref2", "pmc": "4850785", "pmid": "27143808", "pmid_cited": "22557617"}
{"article_title": "Anti-microbial activity of the various leaf extracts of Vitex negundo Linn", "name": "P Renuka devi; R Kokilavani; SG Poongothai", "journal": "Ancient Science of Life", "doi_cited": "", "journal_type": "journal", "ref_id": "ref1", "pmc": "4850786", "pmid": "27143809", "pmid_cited": "22557306"}
{"article_title": "Anti-microbial activity of the various leaf extracts of Vitex negundo Linn", "name": "P Renuka devi; R Kokilavani; SG Poongothai", "journal": "Ancient Science of Life", "doi_cited": "", "journal_type": "journal", "ref_id": "ref2", "pmc": "4850786", "pmid": "27143809", "pmid_cited": "22557282"}
{"article_title": "Phytochemical and antimicrobial studies of extracts of solanum xanthocarpum", "name": "R Udayakumar; K Velmurugan; D Srinivasan; RR Krishna", "journal": "Ancient Science of Life", "doi_cited": "", "journal_type": "journal", "ref_id": "ref1", "pmc": "4850787", "pmid": "27143810", "pmid_cited": "22557158"}
{"article_title": "Phytochemical and antimicrobial studies of extracts of solanum xanthocarpum", "name": "R Udayakumar; K Velmurugan; D Srinivasan; RR Krishna", "journal": "Ancient Science of Life", "doi_cited": "", "journal_type": "journal", "ref_id": "ref2", "pmc": "4850787", "pmid": "27143810", "pmid_cited": "22557117"}
{"article_title": "Intrathecal dextmedetomidine to reduce shoulder tip pain in laparoscopic cholecystectomies under spinal anesthesia", "name": "T Bhatia; J Bhatia; JP Attri; S Singh; R Khetarpal", "journal": "Anesth Essays Res", "doi_cited": "", "journal_type": "journal", "ref_id": "ref1", "pmc": "4767100", "pmid": "26957718", "pmid_cited": "26712967"}
{"article_title": "Basal cell nevus syndrome showing several histologic types of basal cell carcinoma", "name": "JW Go; SH Kim; SY Yi; HK Cho", "journal": "Ann Dermatol", "doi_cited": "", "journal_type": "journal", "ref_id": "B1", "pmc": "3346927", "pmid": "22577287", "pmid_cited": "22028568"}
{"article_title": "Removal of odontogenic keratinocyst using versatile maxillary window in BCNS", "name": "MS Moon; HK Lee; HS Jeong; JS Song", "journal": "J Korean Soc Plast Reconstr Surg", "doi_cited": "", "journal_type": "journal", "ref_id": "B2", "pmc": "3346927", "pmid": "22577287", "pmid_cited": ""}
{"article_title": "Vogt-Koyanagi-Harada syndrome presenting with encephalopathy", "name": "AE Naeini; D Daneshmand; F Khorvash; A Chitsaz", "journal": "Ann Indian Acad Neurol", "doi_cited": "", "journal_type": "journal", "ref_id": "ref1", "pmc": "4564488", "pmid": "26425031", "pmid_cited": "24753681"}
{"article_title": "Vogt-Koyanagi-Harada syndrome presenting with encephalopathy", "name": "AE Naeini; D Daneshmand; F Khorvash; A Chitsaz", "journal": "Ann Indian Acad Neurol", "doi_cited": "", "journal_type": "journal", "ref_id": "ref2", "pmc": "4564488", "pmid": "26425031", "pmid_cited": "23956579"}
{"article_title": "Dental health status and treatment needs of police personnel of a North Indian State: A cross-sectional study", "name": "RK Sohi; RS Gambhir; GM Sogi; KL Veeresha; A Randhawa", "journal": "Ann Med Health Sci Res", "doi_cited": "", "journal_type": "journal", "ref_id": "ref1", "pmc": "4212405", "pmid": "25364617", "pmid_cited": "25221706"}
{"article_title": "Mixed gonadal dysgenesis in 45,X Turner syndrome with SRY gene", "name": "JY Jung; S Yang; EH Jeong; HC Lee; YM Lee; HS Han; ", "journal": "Ann Pediatr Endocrinol Metab", "doi_cited": "", "journal_type": "journal", "ref_id": "B1", "pmc": "5073167", "pmid": "27777913", "pmid_cited": "26817010"}
{"article_title": "Epidemiological Pattern of Bullying Among School Children in Mazandaran Province, Iran.", "name": "M Rezapour; H Soori; S Khodakarim", "journal": "Arch Trauma Res.", "doi_cited": "", "journal_type": "journal", "ref_id": "A28500R1", "pmc": "4377540", "pmid": "25834794", "pmid_cited": "25685750"}
{"article_title": "Pulmonary hypertension due to a pulmonary artery leiomyosarcoma: A case report.", "name": "Hassan Adeli; Bardia Nemati; Mahboubeh Jandaghi; Mohammad Mahdi Riahi; Fatemeh Salarvand", "journal": "ARYA Atheroscler", "doi_cited": "", "journal_type": "journal", "ref_id": "b1-ARYA-11-263", "pmc": "4593664", "pmid": "26478736", "pmid_cited": "25161682"}
{"article_title": "Sensitivity of pyramidal signs in patients with cervical spondylotic myelopathy", "name": "H Elnoamany", "journal": "Asian Spine J", "doi_cited": "", "journal_type": "journal", "ref_id": "B1", "pmc": "4843085", "pmid": "27114789", "pmid_cited": "26949460"}
{"article_title": "Correlation between pyramidal signs and the severity of cervical myelopathy", "name": "H Chikuda; A Seichi; K Takeshita; ", "journal": "Eur Spine J", "doi_cited": "", "journal_type": "journal", "ref_id": "B2", "pmc": "4843085", "pmid": "27114789", "pmid_cited": "20229121"}
{"article_title": "", "name": "P Dhar; ", "journal": "Bioinformation", "doi_cited": "", "journal_type": "journal", "ref_id": "R01", "pmc": "3912550", "pmid": "24497734", "pmid_cited": "20461158"}
{"article_title": "", "name": "DW Staple; SE Butcher", "journal": "PLos Biol", "doi_cited": "", "journal_type": "journal", "ref_id": "R02", "pmc": "3912550", "pmid": "24497734", "pmid_cited": "15941360"}
{"article_title": "", "name": "KP Adinarayana; RK Devi", "journal": "Bioinformation", "doi_cited": "", "journal_type": "journal", "ref_id": "R01", "pmc": "4748023", "pmid": "26912954", "pmid_cited": "21544169"}
{"article_title": "", "name": "Pavani; ", "journal": "Research Journal of Biotechnology", "doi_cited": "", "journal_type": "journal", "ref_id": "R02", "pmc": "4748023", "pmid": "26912954", "pmid_cited": ""}
{"article_title": "", "name": "Singh", "journal": "Bioinformation", "doi_cited": "", "journal_type": "journal", "ref_id": "R01", "pmc": "4748024", "pmid": "26912955", "pmid_cited": "19255635"}
{"article_title": "", "name": "Hu; ", "journal": "Nucleic Acids Res", "doi_cited": "", "journal_type": "journal", "ref_id": "R02", "pmc": "4748024", "pmid": "26912955", "pmid_cited": "16284194"}
{"article_title": "Downregulation of ADAM10 expression inhibits metastasis and invasiveness of human hepatocellular carcinoma HepG2 cells", "name": "Y Yue; Y Shao; Q Luo; L Shi; Z Wang", "journal": "", "doi_cited": "", "journal_type": "journal", "ref_id": "B1", "pmc": "4020525", "pmid": "24868522", "pmid_cited": ""}
{"article_title": "Preventative and therapeutic probiotic use in allergic skin conditions: experimental and clinical findings", "name": "\u00d6 \u00d6zdemir; A Yasemin G\u00f6ksu Erol", "journal": "", "doi_cited": "", "journal_type": "journal", "ref_id": "B1", "pmc": "4058200", "pmid": "24971365", "pmid_cited": ""}
{"article_title": "Stable plastid transformation for high-level recombinant protein expression: promises and challenges", "name": "M Gao; Y Li; X Xue; X Wang; J Long", "journal": "", "doi_cited": "", "journal_type": "journal", "ref_id": "B1", "pmc": "4034435", "pmid": "24895590", "pmid_cited": ""}
{"article_title": "Microfluidic method of pig oocyte quality assessment in relation to different follicular size based on Lab-on-Chip technology", "name": "B. Kempisty; R. Walczak; P. Antosik; ", "journal": "", "doi_cited": "10.1155/2014/467063", "journal_type": "journal", "ref_id": "B1", "pmc": "4353851", "pmid": "25802866", "pmid_cited": ""}
{"article_title": "The beneficial effect of direct peritoneal resuscitation on septic shock in rats", "name": "X. Luo; D. Jian; Z. Lv", "journal": "", "doi_cited": "", "journal_type": "journal", "ref_id": "B1", "pmc": "4485930", "pmid": "26169825", "pmid_cited": ""}
{"article_title": "How to perfuse: concepts of cerebral protection during arch replacement", "name": "A. Habertheuer; D. Wiedemann; A. Kocher; G. Laufer; P. Vallabhajosyula", "journal": "", "doi_cited": "10.1155/2015/981813", "journal_type": "journal", "ref_id": "B1", "pmc": "4838810", "pmid": "27144174", "pmid_cited": ""}
{"article_title": "The immune system in hepatocellular carcinoma and potential new immunotherapeutic strategies", "name": "G. Bertino; S. Demma; A. Ardiri; ", "journal": "", "doi_cited": "10.1155/2015/731469", "journal_type": "journal", "ref_id": "B1", "pmc": "4830758", "pmid": "27127781", "pmid_cited": ""}
{"article_title": "Leaf rolling and stem fasciation in grass pea (Lathyrus sativus l.) mutant are mediated through glutathione-dependent cellular and metabolic changes and associated with a metabolic diversion through cysteine during phenotypic reversal", "name": "D. Talukdar; T. Talukdar", "journal": "", "doi_cited": "", "journal_type": "journal", "ref_id": "B1", "pmc": "5023822", "pmid": "27689080", "pmid_cited": ""}
{"article_title": "Superoxide-dismutase deficient mutants in common beans (Phaseolus vulgaris L.): genetic control, differential expressions of isozymes, and sensitivity to arsenic", "name": "D. Talukdar; T. Talukdar", "journal": "", "doi_cited": "", "journal_type": "journal", "ref_id": "B1", "pmc": "5023830", "pmid": "27689085", "pmid_cited": ""}
{"article_title": "Methylation and gene silencing of the Ras-related GTPase gene in lung and breast cancers", "name": "M Suzuki; H Shigematsu; DS Shames; N Sunaga; T Takahashi; N Shivapurkar; T Iizasa; JD Minna; T Fujisawa; AF Gazdar", "journal": "Ann Surg Oncol", "doi_cited": "", "journal_type": "journal", "ref_id": "bib1", "pmc": "3859959", "pmid": "24327071", "pmid_cited": "17195088"}
{"article_title": "The analysis of 168 randomised controlled trials to test data integrity.", "name": "JB Carlisle", "journal": "Anaesthesia", "doi_cited": "", "journal_type": "journal", "ref_id": "R1", "pmc": "4740343", "pmid": "27073822", "pmid_cited": "22404311"}
{"article_title": "Reported data on granisetron and postoperative nausea and vomiting by Fujii et al. are incredibly nice! Fujii Y, Response.", "name": "P Kranke; CC Apfel; N Roewer", "journal": "Anesth Analg", "doi_cited": "", "journal_type": "journal", "ref_id": "R2", "pmc": "4740343", "pmid": "27073822", "pmid_cited": "10735823"}
{"article_title": "", "name": "", "journal": "", "doi_cited": "", "journal_type": "journal", "ref_id": "R3", "pmc": "4740343", "pmid": "27073822", "pmid_cited": ""}
{"article_title": "Effects of a pre-visit educational website on information recall and needs fulfilment in breast cancer genetic counselling, a randomized controlled trial", "name": "A Albada; S van Dulmen; JM Bensing; MGEM Ausems", "journal": "Breast Cancer Research", "doi_cited": "", "journal_type": "journal", "ref_id": "B1", "pmc": "4053114", "pmid": "23130551", "pmid_cited": "22394647"}
{"article_title": "Glabridin attenuates the migratory and invasive capacity of breast cancer cells by activating microRNA-200c", "name": "X Ye", "journal": "Cancer Sci", "doi_cited": "", "journal_type": "journal", "ref_id": "b1", "pmc": "4317769", "pmid": "25620393", "pmid_cited": "24754877"}
{"article_title": "Clinical brain death with false positive radionuclide cerebral perfusion scans", "name": "S. Venkatram; S. Bughio; G. Diaz-Fuentes", "journal": "", "doi_cited": "10.1155/2015/630430", "journal_type": "journal", "ref_id": "B1", "pmc": "4812906", "pmid": "27069696", "pmid_cited": ""}
{"article_title": "Rhinosporidiosis of the parotid duct", "name": "SK Yadav; S Shrestha", "journal": "", "doi_cited": "", "journal_type": "journal", "ref_id": "B1", "pmc": "4142661", "pmid": "25177501", "pmid_cited": ""}
{"article_title": "Primary small cell undifferentiated (neuroendocrine) carcinoma of the maxillary sinus", "name": "SK Yadav; P Shetty", "journal": "", "doi_cited": "", "journal_type": "journal", "ref_id": "B1", "pmc": "4206925", "pmid": "25374701", "pmid_cited": ""}
{"article_title": "Brain metastasis as an initial manifestation of ovarian carcinoma: a case report", "name": "ZS Tuncer; GB Boyraz; A Yazicioglu; \u0130 Selcuk; S\u00d6 Y\u00fccel", "journal": "", "doi_cited": "", "journal_type": "journal", "ref_id": "B1", "pmc": "3821956", "pmid": "24250339", "pmid_cited": ""}
{"article_title": "Oral haemangioma", "name": "JS Gill; S Gill; A Bhardwaj; HS Grover", "journal": "", "doi_cited": "", "journal_type": "journal", "ref_id": "B1", "pmc": "4158460", "pmid": "25214852", "pmid_cited": ""}
{"article_title": "Anti-GBM of pregnancy: acute renal failure resolved after spontaneous abortion, plasma exchange, hemodialysis, and steroids", "name": "M. M. Adnan; J. Morton; S. Hashmi; S. Abdul Mujeeb; W. Kern; B. Cowley", "journal": "", "doi_cited": "10.1155/2014/243746", "journal_type": "journal", "ref_id": "B1", "pmc": "4357023", "pmid": "25815219", "pmid_cited": ""}
{"article_title": "Intravenous leiomyoma with extension to the heart: a case report and review of the literature", "name": "F Demirkiran; V Sal; K Umit; C Alhan; N Tokgozoglu", "journal": "", "doi_cited": "", "journal_type": "journal", "ref_id": "B1", "pmc": "4121235", "pmid": "25114820", "pmid_cited": ""}
{"article_title": "Prenatal diagnosis of concurrent achondroplasia and klinefelter syndrome", "name": "E. Perez-Carbajo; I. Zapardiel; L. Sanfrutos-Llorente; S. Cruz-Melguizo; C. Martinez-Payo; E. Iglesias-Goy", "journal": "", "doi_cited": "10.1155/2015/980749", "journal_type": "journal", "ref_id": "B1", "pmc": "4864189", "pmid": "27239358", "pmid_cited": ""}
{"article_title": "Combined case of blood-injury-injection phobia and social phobia: behavior therapy management and effectiveness through Tilt test", "name": "F. Ferenidou; T. Chalimourdas; V. Antonakis; N. Vaidakis; G. Papadimitriou", "journal": "", "doi_cited": "10.1155/2012/368039", "journal_type": "journal", "ref_id": "B1", "pmc": "5046005", "pmid": "27722005", "pmid_cited": ""}
{"article_title": "Intramedullary chondrosarcoma of proximal humerus", "name": "P. Yadav; D. Thakkar; S. S. Thind", "journal": "", "doi_cited": "10.1155/2012/642062", "journal_type": "journal", "ref_id": "B1", "pmc": "4823623", "pmid": "27110423", "pmid_cited": ""}
{"article_title": "Chronic recurrent multifocal osteomyelitis with concomitant features of juvenile idiopathic arthritis", "name": "E Tsitsami; V Dermentzoglou; M Moschovi; GP Chrousos", "journal": "", "doi_cited": "", "journal_type": "journal", "ref_id": "B1", "pmc": "4150502", "pmid": "25543994", "pmid_cited": ""}
{"article_title": "Fitz-hugh-curtis syndrome in a male patient: a case report and literature review", "name": "S. Saurabh; E. Unger; C. Pavlides", "journal": "", "doi_cited": "10.1155/2012/457272", "journal_type": "journal", "ref_id": "B1", "pmc": "4632179", "pmid": "26576313", "pmid_cited": ""}
{"article_title": "Adrenal schwannomas: rare tumor of the retroperitoneum", "name": "E. Grasso; M. Simone", "journal": "", "doi_cited": "10.1155/2015/547287", "journal_type": "journal", "ref_id": "B1", "pmc": "4745580", "pmid": "26904351", "pmid_cited": ""}
{"article_title": "A prospective study of the surgical outcome of simple uvulopalatopharyngoplasty (UPPP), UPPP combined with genioglossus advancement or tongue base advancement for obstructive sleep apnea hypopnea syndrome patients with multilevel obstruction", "name": "S Chen; S Shi; Y Xia; M Zhu; C Zhang; S Xia; H Zheng", "journal": "Clin Exp Otorhinolaryngol", "doi_cited": "", "journal_type": "journal", "ref_id": "b1-ceo-2015-8-2-136-r1", "pmc": "5115145", "pmid": "27832683", "pmid_cited": "26045912"}
{"article_title": "Changes in sleep characteristics and airway obstruction in OSAHS patients with multi-level obstruction following simple UPPP, UPPP-GA, or UPPP-TBA: a prospective, single-center, parallel group study", "name": "S Chen; S Shi; Y Xia; F Liu; D Chen; M Zhu; M Li; H Zheng", "journal": "ORL J Otorhinolaryngol Relat Spec", "doi_cited": "", "journal_type": "journal", "ref_id": "b2-ceo-2015-8-2-136-r1", "pmc": "5115145", "pmid": "27832683", "pmid_cited": "25138106"}
{"article_title": "Bayes clustering and structural support vector machines for segmentation of carotid artery plaques in multicontrast MRI", "name": "Q. Guan; B. Du; Z. Teng; J. Gillard; S. Chen", "journal": "", "doi_cited": "10.1155/2012/549102", "journal_type": "journal", "ref_id": "B1", "pmc": "4323060", "pmid": "25690902", "pmid_cited": ""}
{"article_title": "Unusually large submandibular epidermoid cyst: A case report, differential diagnosis and therapy", "name": "D Passi; G Singh; G Mehta; D Singhal", "journal": "Contemp Clin Dent", "doi_cited": "", "journal_type": "journal", "ref_id": "ref1", "pmc": "4550004", "pmid": "26321852", "pmid_cited": "24963258"}
{"article_title": "Epidermoid cyst of submandibular region", "name": "J Janarthanam; S Mahadevan", "journal": "J Oral Maxillofac Pathol", "doi_cited": "", "journal_type": "journal", "ref_id": "ref2", "pmc": "4550004", "pmid": "26321852", "pmid_cited": "23248482"}
{"article_title": "Prosthetic rehabilitation of Edentulous patient with limited oral access: A clinical report", "name": "S Kumar; A Arora; R Yadav", "journal": "Contemp Clin Dent", "doi_cited": "", "journal_type": "journal", "ref_id": "ref1", "pmc": "4792046", "pmid": "27041920", "pmid_cited": "23293498"}
{"article_title": "\u201cFoldable Denture: For Microstomia Patient,\u201d", "name": "Sandeep Kumar; Aman Arora; Reena Yadav", "journal": "Case Reports in Dentistry", "doi_cited": "", "journal_type": "journal", "ref_id": "ref2", "pmc": "4792046", "pmid": "27041920", "pmid_cited": ""}
{"article_title": "The effect of using different rinsing angles on the micro-tensile bond strength of the sealant to the etched enamel", "name": "H Afshar; YB Nakhjavani; R Ahmadi", "journal": "Contemp Clin Dent", "doi_cited": "", "journal_type": "journal", "ref_id": "ref1", "pmc": "4792047", "pmid": "27041921", "pmid_cited": "24808698"}
{"article_title": "The effect of using different rinsing angles on the micro-tensile bond strength of the sealant to the etched enamel", "name": "H Afshar; YB Nakhajavani; R Ahmadi", "journal": "Contemp Clin Dent", "doi_cited": "", "journal_type": "journal", "ref_id": "ref2", "pmc": "4792047", "pmid": "27041921", "pmid_cited": "24015011"}
{"article_title": "Emergence of cancer stem cells in head and neck squamous cell carcinoma: A therapeutic insight with literature review", "name": "P Rastogi", "journal": "Dent Res J", "doi_cited": "", "journal_type": "journal", "ref_id": "ref1", "pmc": "4630717", "pmid": "26604967", "pmid_cited": ""}
{"article_title": "\u201cCancer Stem Cells in Head and Neck Squamous Cell Carcinoma,\u201d", "name": "M Marcus; Monroe; C Eric; Anderson; R Daniel; Clayburgh; H Melissa; Wong", "journal": "Journal of Oncology, vol. 2011", "doi_cited": "", "journal_type": "journal", "ref_id": "ref2", "pmc": "4630717", "pmid": "26604967", "pmid_cited": ""}
{"article_title": "System accuracy evaluation of the glucoRx nexus voice TD-4280 blood glucose monitoring system", "name": "M. Khan; K. Broadbent; M. Morris; D. Ewins; F. Joseph", "journal": "", "doi_cited": "10.1155/2014/602586", "journal_type": "journal", "ref_id": "B1", "pmc": "4488257", "pmid": "26166933", "pmid_cited": ""}
{"article_title": "Triple reassortant swine influenza A (H3N2) virus in waterfowl.", "name": "", "journal": "Emerg Infect Dis", "doi_cited": "", "journal_type": "journal", "ref_id": "R1", "pmc": "3563222", "pmid": "23260489", "pmid_cited": "20350405"}
{"article_title": "Detection of ubiquityl-calmodulin conjugates with a novel high-molecular weight ubiquitylprotein-isopeptidase in rabbit tissues", "name": "SU Sixt; HP Jennissen; M Winterhalter; M Laub", "journal": "Eur J Med Res", "doi_cited": "", "journal_type": "journal", "ref_id": "B1", "pmc": "3814292", "pmid": "22046629", "pmid_cited": "21156402"}
{"article_title": "Chemistry and biology of essential oils of genus boswellia", "name": "H Hussain; A Al-Harrasi; A Al-Rawahi; J Hussain", "journal": "", "doi_cited": "", "journal_type": "journal", "ref_id": "B1", "pmc": "4082855", "pmid": "25024730", "pmid_cited": ""}
{"article_title": "Sagunja-tang improves lipid related disease in a postmenopausal rat model and HepG2 cells", "name": "H. Go; J. A. Ryuk; H. W. Lee; ", "journal": "", "doi_cited": "", "journal_type": "journal", "ref_id": "B1", "pmc": "4830756", "pmid": "27127531", "pmid_cited": ""}
{"article_title": "The effects of positive or neutral communication during acupuncture for relaxing effects: a sham-controlled randomized trial", "name": "A. Ros\u00e9n; M. Lekander; K. Jensen; ", "journal": "", "doi_cited": "", "journal_type": "journal", "ref_id": "B1", "pmc": "5080502", "pmid": "27818702", "pmid_cited": ""}
{"article_title": "The antioxidant and starch hydrolase inhibitory activity of ten spices in an in vitro model of digestion: bioaccessibility of anthocyanins and carotenoids", "name": "N. Jayawardena; M. I. Watawana; R. T. Jayathilaka; V. Y. Waisundara", "journal": "", "doi_cited": "", "journal_type": "journal", "ref_id": "B1", "pmc": "5040801", "pmid": "27703486", "pmid_cited": ""}
{"article_title": "Bilingual language control: an event-related brain potential study.", "name": "I. K. Christoffels; C. Firk; N. Schiller", "journal": "Brain Res.", "doi_cited": "", "journal_type": "journal", "ref_id": "B1", "pmc": "3340585", "pmid": "22557944", "pmid_cited": "17391649"}
{"article_title": "A neural basis for lexical retrieval.", "name": "H. Damasio; T. J. Grabowski; D. Tranel; R. D. Hichwa; A. R. Damasio", "journal": "Nature", "doi_cited": "", "journal_type": "journal", "ref_id": "B2", "pmc": "3340585", "pmid": "22557944", "pmid_cited": "8606767"}
{"article_title": "Electroencephalographic activity over temporal brain areas during phonological encoding in picture naming.", "name": "C. Eulitz; O. Hauk; R. Cohen", "journal": "Clin. Neurophysiol.", "doi_cited": "", "journal_type": "journal", "ref_id": "B3", "pmc": "3340585", "pmid": "22557944", "pmid_cited": "11068246"}
{"article_title": "The use of electroencephalography in language production research: a review.", "name": "L. Y. Ganushchak; I. K. Christoffels; N. O. Schiller", "journal": "Front. Psychol.", "doi_cited": "", "journal_type": "journal", "ref_id": "B4", "pmc": "3340585", "pmid": "22557944", "pmid_cited": "21909333"}
{"article_title": "The spatial and temporal signatures of word production components: a critical update.", "name": "P. Indefrey", "journal": "Front. Psychol.", "doi_cited": "", "journal_type": "journal", "ref_id": "B5", "pmc": "3340585", "pmid": "22557944", "pmid_cited": "22016740"}
{"article_title": "The spatial and temporal signatures of word production components.", "name": "P. Indefrey; W. J. M. Levelt", "journal": "Cognition", "doi_cited": "", "journal_type": "journal", "ref_id": "B6", "pmc": "3340585", "pmid": "22557944", "pmid_cited": "15037128"}
{"article_title": "An MEG study of picture naming.", "name": "W. J. M. Levelt; P. Praamstra; A. S. Meyer; P. Helenius; R. Salmelin", "journal": "J. Cogn. Neurosci.", "doi_cited": "", "journal_type": "journal", "ref_id": "B7", "pmc": "3340585", "pmid": "22557944", "pmid_cited": "9802989"}
{"article_title": "Intra-cranial recordings of brain activity during language production.", "name": "A. Llorens; A. Tr\u00e9buchon; C. Li\u00e9geois-Chauvel; F. Alario", "journal": "Front. Psychol.", "doi_cited": "", "journal_type": "journal", "ref_id": "B8", "pmc": "3340585", "pmid": "22557944", "pmid_cited": "22207857"}
{"article_title": "A generative model of speech production in Broca\u2019s and Wernicke\u2019s areas.", "name": "C. J. Price; J. T. Crinion; M. MacSweeney", "journal": "Front. Psychol.", "doi_cited": "", "journal_type": "journal", "ref_id": "B9", "pmc": "3340585", "pmid": "22557944", "pmid_cited": "21954392"}
{"article_title": "Examining the central and peripheral processes of written word production through meta-analysis.", "name": "J. J. Purcell; P. E. Turkeltaub; G. F. Eden; B. Rapp", "journal": "Front. Psychol.", "doi_cited": "", "journal_type": "journal", "ref_id": "B10", "pmc": "3340585", "pmid": "22557944", "pmid_cited": "22013427"}
{"article_title": "Dynamics of brain activation during picture naming.", "name": "R. Salmelin; R. Hari; O. V. Lounasmaa; M. Sams", "journal": "Nature", "doi_cited": "", "journal_type": "journal", "ref_id": "B11", "pmc": "3340585", "pmid": "22557944", "pmid_cited": "8133893"}
{"article_title": "Neural specificity for grammatical operations is revealed by content-independent fMR adaptation.", "name": "K. A. Shapiro; L. R. Moo; A. Caramazza", "journal": "Front. Psychol.", "doi_cited": "", "journal_type": "journal", "ref_id": "B12", "pmc": "3340585", "pmid": "22557944", "pmid_cited": "22347206"}
{"article_title": "Tracking lexical access in speech production: electrophysiological correlates of word frequency and cognate effects.", "name": "K. Strijkers; A. Costa; G. Thierry", "journal": "Cereb. Cortex", "doi_cited": "", "journal_type": "journal", "ref_id": "B13", "pmc": "3340585", "pmid": "22557944", "pmid_cited": "19679542"}
{"article_title": "Early goal-directed top-down influences in the production of speech.", "name": "K. Strijkers; Y. N. Yum; J. Grainger; P. J. Holcomb", "journal": "Front. Psychol.", "doi_cited": "", "journal_type": "journal", "ref_id": "B14", "pmc": "3340585", "pmid": "22557944", "pmid_cited": "22163224"}
{"article_title": "Motor response selection in overt sentence production: a functional MRI study.", "name": "P. Tremblay; S. L. Small", "journal": "Front. Psychol.", "doi_cited": "", "journal_type": "journal", "ref_id": "B15", "pmc": "3340585", "pmid": "22557944", "pmid_cited": "21994500"}
{"article_title": "Event-related brain potential investigation of preparation for speech production in late bilinguals.", "name": "Y. J. Wu; G. Thierry", "journal": "Front. Psychol.", "doi_cited": "", "journal_type": "journal", "ref_id": "B16", "pmc": "3340585", "pmid": "22557944", "pmid_cited": "21687468"}
{"article_title": "A fosmid cloning strategy for detecting the widest possible spectrum of microbes from the International Space Station drinking water system", "name": "S Choi; MS Chang; T Stuecker; C Chung; DA Newcombe; K Venkateswaran", "journal": "Genomics Inform", "doi_cited": "", "journal_type": "journal", "ref_id": "B1", "pmc": "3704933", "pmid": "23843776", "pmid_cited": "23346038"}
{"article_title": "", "name": "PL Barry; T Phillips", "journal": "Water on the space station", "doi_cited": "", "journal_type": "book", "ref_id": "B2", "pmc": "3704933", "pmid": "23843776", "pmid_cited": ""}
{"article_title": "Acropigmentation of Kitamura with immigration delay disease: A rare entity", "name": "S Kumar; BB Mahajan; N Kamra; PA Bhoyar", "journal": "Indian Dermatol Online J", "doi_cited": "", "journal_type": "journal", "ref_id": "ref1", "pmc": "5038127", "pmid": "27730062", "pmid_cited": "26009721"}
{"article_title": "A case of dyschromatosis universalis hereditaria with adermatoglyphia: A rare association", "name": "S Kumar; P Bhoyar; BB Mahajan", "journal": "Indian Dermatol Online J", "doi_cited": "", "journal_type": "journal", "ref_id": "ref2", "pmc": "5038127", "pmid": "27730062", "pmid_cited": "25821732"}
{"article_title": "Prevalence and association of physical activity with obesity: an urban, community-based, cross-sectional study", "name": "S Singh; R Issac; AI Benjamin; S Kaushal", "journal": "Indian J Community Med", "doi_cited": "", "journal_type": "journal", "ref_id": "ref1", "pmc": "4746963", "pmid": "26917881", "pmid_cited": "25861171"}
{"article_title": "Musculoskeletal Disorders: Epidemiology and Treatment Seeking Behavior of Secondary School Students in a Nigerian Community", "name": "AO Olayinka; FO Adesegun; AA Caleb; AO Opeyemi; AO Ganiyu; AO Akintomiwa", "journal": "Indian J Community Med", "doi_cited": "", "journal_type": "journal", "ref_id": "ref1", "pmc": "4746964", "pmid": "26917882", "pmid_cited": "19966961"}
{"article_title": "Musculoskeletal Disorders: Epidemiology and Treatment Seeking Behavior of Secondary School Students in a Nigerian Community", "name": "AO Olayinka; FO Adesegun; AA Caleb; AO Opeyemi; AO Ganiyu; A Akintomiwa", "journal": "Indian J Community Med", "doi_cited": "", "journal_type": "journal", "ref_id": "ref2", "pmc": "4746964", "pmid": "26917882", "pmid_cited": "19876456"}
{"article_title": "Profile of Clients Tested HIV Positive in a Voluntary Counseling and Testing Center of a District Hospital, Udupi", "name": "M Gupta", "journal": "Indian J Community Med", "doi_cited": "", "journal_type": "journal", "ref_id": "ref1", "pmc": "4746965", "pmid": "26917883", "pmid_cited": "20049300"}
{"article_title": "Profile of clients tested HIV positive in a voluntary counseling and testing center of a district hospital, Udupi, South Kannada", "name": "A Kumar; P Kumar; M Gupta; A Kamath; A Maheshwari; S Singh", "journal": "Indian J Community Med", "doi_cited": "", "journal_type": "journal", "ref_id": "ref2", "pmc": "4746965", "pmid": "26917883", "pmid_cited": "19876475"}
{"article_title": "Extra corporeal carbon dioxide removal: A reliable modality in refractory hypercapnia to prevent invasive ventilation", "name": "AM Agarwal; TK Singh", "journal": "Indian J Crit Care Med", "doi_cited": "", "journal_type": "journal", "ref_id": "ref1", "pmc": "4502506", "pmid": "26180446", "pmid_cited": "25983438"}
{"article_title": "Successful management of massive intraoperative pulmonary fat embolism with percutaneous cardiopulmonary support", "name": "S Sarkar; K Mandal; P Bhattacharya", "journal": "Indian J Crit Care Med", "doi_cited": "", "journal_type": "journal", "ref_id": "ref1", "pmc": "4637969", "pmid": "26628834", "pmid_cited": "19742250"}
{"article_title": "Use of percutaneous cardiopulmonary support in catastrophic massive pulmonary fat embolism", "name": "M Igarashi; A Kita; M Nakayama; K Tsunoda; A Namiki", "journal": "Br J Anaesth", "doi_cited": "", "journal_type": "journal", "ref_id": "ref2", "pmc": "4637969", "pmid": "26628834", "pmid_cited": "16377648"}
{"article_title": "Bilateral acute angle closure glaucoma following a snake bite: Are we missing it?", "name": "KV Praveen Kumar; SP Kumar", "journal": "Indian J Crit Care Med", "doi_cited": "", "journal_type": "journal", "ref_id": "ref1", "pmc": "4810906", "pmid": "27076740", "pmid_cited": "26955216"}
{"article_title": "Ocular Manifestations of Venomous Snake Bite over a One-year Period in a Tertiary Care Hospital", "name": "Kumar K V Praveen; Kumar S Praveen; Kasturi Nirupama; Ahuja Shashi", "journal": "Korean J Ophthalmol", "doi_cited": "", "journal_type": "journal", "ref_id": "ref2", "pmc": "4810906", "pmid": "27076740", "pmid_cited": "26240510"}
{"article_title": "Serum mucosa-associated epithelial chemokine in atopic dermatitis: a specific marker for severity", "name": "MH Ezzat; KY Shaheen", "journal": "Indian J Dermatol", "doi_cited": "", "journal_type": "journal", "ref_id": "ref1", "pmc": "4248516", "pmid": "25483454", "pmid_cited": "20161852"}
{"article_title": "Serum mucosa-associated epithelial chemokine (MEC/CCL28) in atopic dermatitis: a specific marker for severity", "name": "MH Ezzat; MA Sallam; KY Shaheen", "journal": "Int J Dermatol", "doi_cited": "", "journal_type": "journal", "ref_id": "ref2", "pmc": "4248516", "pmid": "25483454", "pmid_cited": "19659860"}
{"article_title": "Serum mucosa-associated epithelial chemokine (MEC/CCL28) in atopic dermatitis: a specific marker for severity", "name": "MH Ezzat; KY Shaheen", "journal": "Egypt J Pediatr Allergy Immunol", "doi_cited": "", "journal_type": "journal", "ref_id": "ref3", "pmc": "4248516", "pmid": "25483454", "pmid_cited": ""}
{"article_title": "Development of a guideline to approach plagiarism in Indian scenario", "name": "T Shamim", "journal": "Indian J Dermatol", "doi_cited": "", "journal_type": "journal", "ref_id": "ref1", "pmc": "4372927", "pmid": "25814723", "pmid_cited": "25284853"}
{"article_title": "Association of cytokine gene polymorphisms with psoriasis in cases from the Nile Delta of Egypt", "name": "A Settin; HA Hassan; RA El-Baz; TA Hassan", "journal": "Indian J Dermatol", "doi_cited": "", "journal_type": "journal", "ref_id": "ref1", "pmc": "4458959", "pmid": "26120174", "pmid_cited": "21772586"}
{"article_title": "Association of cytokine gene polymorphisms with psoriasis in cases from the Nile Delta of Egypt", "name": "A Settin; H Hassan; R El-Baz; T Hassan", "journal": "Acta Dermatovenerol Alp Pannonica Adriat", "doi_cited": "", "journal_type": "journal", "ref_id": "ref2", "pmc": "4458959", "pmid": "26120174", "pmid_cited": "19784523"}
{"article_title": "Molecular study on cytokine gene polymorphism among cases of psoriasis", "name": "A Settin; HA Hassan; R El-Baz; TA Hassan", "journal": "The Egyptian Journal of Hospital Medicine", "doi_cited": "", "journal_type": "journal", "ref_id": "ref3", "pmc": "4458959", "pmid": "26120174", "pmid_cited": ""}
{"article_title": "Outcome of neoadjuvant chemotherapy in locally advanced breast cancer: A tertiary care centre experience", "name": "T Bhattacharyya; SC Sharma; BS Yadav; R Singh; G Singh", "journal": "Indian J Med Paediatr Oncol", "doi_cited": "", "journal_type": "journal", "ref_id": "ref1", "pmc": "4363857", "pmid": "25810581", "pmid_cited": "25336793"}
{"article_title": "Limb salvage: When, where, and how?", "name": "A Puri", "journal": "Indian J Orthop", "doi_cited": "", "journal_type": "journal", "ref_id": "ref1", "pmc": "4800971", "pmid": "27053817", "pmid_cited": "25593356"}
{"article_title": "Limb salvage in musculoskeletal oncology: Recent advances", "name": "A Puri", "journal": "Indian J Plast Surg", "doi_cited": "", "journal_type": "journal", "ref_id": "ref2", "pmc": "4800971", "pmid": "27053817", "pmid_cited": "25190911"}
{"article_title": "Hip spica versus Rush pins for management of femoral diaphyseal fractures in children", "name": "M Ruhullah; HR Singh; S Shah; D Shrestha", "journal": "Indian J Orthop", "doi_cited": "", "journal_type": "journal", "ref_id": "ref1", "pmc": "5017185", "pmid": "27746506", "pmid_cited": "25298556"}
{"article_title": "Primary hip spica with crossed retrograde intramedullary rush pins for the management of diaphyseal femur fractures in children: A prospective, randomized study", "name": "M Ruhullah; HR Singh; S Shah; D Shrestha", "journal": "Niger Med J", "doi_cited": "", "journal_type": "journal", "ref_id": "ref2", "pmc": "5017185", "pmid": "27746506", "pmid_cited": "24791042"}
{"article_title": "Surgical reconstruction or prosthetic rehabilitation following orbital exenteration: The clinician's dilemma", "name": "H Aggarwal; Kumar Pradeep", "journal": "Indian J Plast Surg", "doi_cited": "", "journal_type": "journal", "ref_id": "ref1", "pmc": "5053018", "pmid": "", "pmid_cited": "24987223"}
{"article_title": "The mystery of reincarnation", "name": "AK Nagaraj; RB Nanjegowda; SM Purushothama", "journal": "Indian J Psychiatry", "doi_cited": "", "journal_type": "journal", "ref_id": "ref1", "pmc": "4711258", "pmid": "26816443", "pmid_cited": ""}
{"article_title": "", "name": "", "journal": "", "doi_cited": "", "journal_type": "webpage", "ref_id": "ref2", "pmc": "4711258", "pmid": "26816443", "pmid_cited": ""}
{"article_title": "Free radical production in immune cell systems induced by Ti, Ti6Al4V and SS assessed by chemiluminescence probe pholasin assay", "name": "SCP Cachinho; F Pu", "journal": "", "doi_cited": "", "journal_type": "journal", "ref_id": "B1", "pmc": "3782848", "pmid": "24106501", "pmid_cited": ""}
{"article_title": "A prospective study of early loaded single implant-retained mandibular overdentures: preliminary one-year results", "name": "AM El-Sheikh; OF Shihabuddin; SMF Ghoraba", "journal": "", "doi_cited": "", "journal_type": "journal", "ref_id": "B1", "pmc": "3782825", "pmid": "24106500", "pmid_cited": ""}
{"article_title": "Idempotent elements of the endomorphism semiring of a finite chain", "name": "I. Trendafilov; D. Vladeva", "journal": "", "doi_cited": "10.1155/2013/120231", "journal_type": "journal", "ref_id": "B1", "pmc": "4897225", "pmid": "", "pmid_cited": ""}
{"article_title": "An inverse spectral problem for the Sturm-Liouville operator on a three-star graph", "name": "I. Dehghani Tazehkand; A. J. Akbarfam", "journal": "", "doi_cited": "10.5402/2012/132842", "journal_type": "journal", "ref_id": "B1", "pmc": "4897526", "pmid": "", "pmid_cited": ""}
{"article_title": "Optimum rotation speed for the friction stir welding of pure copper", "name": "M. Jabbari; C. C. Tutum", "journal": "", "doi_cited": "10.1155/2013/978031", "journal_type": "journal", "ref_id": "B1", "pmc": "4897475", "pmid": "", "pmid_cited": ""}
{"article_title": "Detection of abnormal hemoglobin variants by HPLC method: common problems with suggested solutions", "name": "L. Pant; D. Kalita; S. Singh; ", "journal": "", "doi_cited": "10.1155/2014/257805", "journal_type": "journal", "ref_id": "B1", "pmc": "4897348", "pmid": "27353869", "pmid_cited": ""}
{"article_title": "A survey of home delivery and newborn care practices among women in a Suburban area of Western Nigeria", "name": "L. M. Adelaja", "journal": "", "doi_cited": "10.5402/2011/983542", "journal_type": "journal", "ref_id": "B1", "pmc": "4897102", "pmid": "27345871", "pmid_cited": ""}
{"article_title": "Utilization of maternal and child health care services by primigravida females in urban and rural areas of India", "name": "H. Mahajan; B. Sharma", "journal": "", "doi_cited": "10.1155/2014/123918", "journal_type": "journal", "ref_id": "B1", "pmc": "4897336", "pmid": "27346280", "pmid_cited": ""}
{"article_title": "Obesity as a consequence of gut bacteria and diet interactions", "name": "K. Kotzampassi; E. J. Giamarellos-Bourboulis; G. Stavrou", "journal": "", "doi_cited": "10.1155/2014/651895", "journal_type": "journal", "ref_id": "B1", "pmc": "4897123", "pmid": "27346134", "pmid_cited": ""}
{"article_title": "Nontraumatic lesions of the clavicle in a paediatric population: incidence and management", "name": "N. D. Clement; G. Nicol; D. E. Porter", "journal": "", "doi_cited": "10.1155/2014/261952", "journal_type": "journal", "ref_id": "B1", "pmc": "4897304", "pmid": "27356873", "pmid_cited": ""}
{"article_title": "Growth responses and leaf antioxidant metabolism of grass pea (Lathyrus sativus L.) genotypes under salinity stress", "name": "D. Talukdar", "journal": "", "doi_cited": "10.1155/2013/284830", "journal_type": "journal", "ref_id": "B1", "pmc": "5023836", "pmid": "", "pmid_cited": ""}
{"article_title": "Contamination of hospital water supplies in gilan, Iran, with Legionella pneumophila, Escherichia coli, and Pseudomonas aeruginosa", "name": "M. Ahmadi Jalali Moghadam; H. Honarmand; S. Asfaram Meshginshahr", "journal": "", "doi_cited": "", "journal_type": "journal", "ref_id": "B1", "pmc": "5080488", "pmid": "27818683", "pmid_cited": ""}
{"article_title": "Intracoronary adenosine versus intravenous adenosine during primary PCI for ST-elevation myocardial infarction: which one offers better outcomes in terms of microvascular obstruction?", "name": "G Doolub; E Dall'Armellina", "journal": "", "doi_cited": "", "journal_type": "journal", "ref_id": "B1", "pmc": "3880712", "pmid": "24455302", "pmid_cited": ""}
{"article_title": "Genetic analysis and molecular identification of virulence in Xanthomonas oryzae pv. oryzae Isolates", "name": "O. Amos; M. M. Ekperigin; A. Afolabi; R. O. Onasanya; A. A. Ojo; I. Ingelbrecht", "journal": "", "doi_cited": "10.1155/2013/160157", "journal_type": "journal", "ref_id": "B1", "pmc": "4908267", "pmid": "27340591", "pmid_cited": ""}
{"article_title": "Case report and clinical databased research study on malaria", "name": "ND Trivedi; UN Trivedi; A Bhandari; MM Patel; N Upadhyay", "journal": "J Adv Pharm Technol Res", "doi_cited": "", "journal_type": "journal", "ref_id": "ref1", "pmc": "4932806", "pmid": "27429932", "pmid_cited": "22247827"}
{"article_title": "Immunopathology and immunogenetics of allergic bronchopulmonary aspergillosis", "name": "A. P. Knutsen", "journal": "", "doi_cited": "10.1155/2011/785983", "journal_type": "journal", "ref_id": "B1", "pmc": "4576140", "pmid": "26435720", "pmid_cited": ""}
{"article_title": "Intrathecal Sufentanil Versus Fentanyl for Lower Limb Surgeries \u2014 A Randomized Controlled Trial", "name": "P Motiani; S Chaudhary; N Bahl; AK Sethi", "journal": "J Anaesthesiol Clin Pharmacol", "doi_cited": "", "journal_type": "journal", "ref_id": "ref1", "pmc": "4784206", "pmid": "27006570", "pmid_cited": "21804710"}
{"article_title": "Intrathecal Sufentanil Versus Fentanyl for Lower Limb Surgeries \u2014 A Randomized Controlled Trial", "name": "P Motiani; S Chaudhary; N Bahl; AK Sethi", "journal": "J Anaesthesiol Clin Pharmacol", "doi_cited": "", "journal_type": "journal", "ref_id": "ref2", "pmc": "4784206", "pmid": "27006570", "pmid_cited": "21547180"}
{"article_title": "Zoledronic acid directly suppresses cell proliferation and induces apoptosis in highly tumorigenic prostate and breast cancers", "name": "H Almubarak; A Jones; R Chaisuparat; M Zhang; TF Meiller; MA Scheper", "journal": "J Carcinog", "doi_cited": "", "journal_type": "journal", "ref_id": "ref1", "pmc": "4360551", "pmid": "25788867", "pmid_cited": "21297922"}
{"article_title": "Damage to the Drosophila follicle cell epithelium produces \u201cfalse clones\u201d with apparent polarity phenotypes.", "name": "T. Haack; D.T. Bergstralh; D. St Johnston", "journal": "Biol. Open.", "doi_cited": "10.1242/bio.20134671", "journal_type": "journal", "ref_id": "bib1", "pmc": "3812969", "pmid": "24165941", "pmid_cited": ""}
{"article_title": "Isolation of AMP-activated protein kinase (AMPK) alleles required for neuronal maintenance in Drosophila melanogaster.", "name": "L.L. Swick; N. Kazgan; R. Uche Onyenwoke; J.E. Brenman", "journal": "Biol. Open.", "doi_cited": "10.1242/bio.20136775", "journal_type": "journal", "ref_id": "bib2", "pmc": "3812969", "pmid": "24165941", "pmid_cited": ""}
{"article_title": "Retracted: differential expression of microRNAs in myometrium and leiomyomas and regulation by ovarian steroids", "name": "Q Pan", "journal": "J Cell Mol Med", "doi_cited": "", "journal_type": "journal", "ref_id": "b1", "pmc": "4594693", "pmid": "26411639", "pmid_cited": "18182067"}
{"article_title": "A randomized controlled trial to compare heated humidified high-flow nasal cannulae with nasal continuous positive airway pressure postextubation in premature infants", "name": "L Ignacio; K Alfaleh", "journal": "J Clin Neonatol", "doi_cited": "", "journal_type": "journal", "ref_id": "ref1", "pmc": "4608484", "pmid": "", "pmid_cited": "24049748"}
{"article_title": "Heated Humidified High-Flow Nasal Cannulae: A Good Alternative to Nasal Continuous Positive Airway Pressure", "name": "L Ignacio; K Alfaleh", "journal": "J Clin Neonatol", "doi_cited": "", "journal_type": "journal", "ref_id": "ref2", "pmc": "4608484", "pmid": "", "pmid_cited": ""}
{"article_title": "Aborting a malformed fetus: A debatable issue in Saudi Arabia", "name": "S Al-Alaiyan; KM AlFaleh", "journal": "J Clin Neonatol", "doi_cited": "", "journal_type": "journal", "ref_id": "ref1", "pmc": "4608495", "pmid": "", "pmid_cited": "24027674"}
{"article_title": "Circulating Endothelial Progenitor Cells in Cerebrovascular Disease", "name": "KH Jung; JK Roh", "journal": "J Clin Neurol", "doi_cited": "", "journal_type": "journal", "ref_id": "B1", "pmc": "3391623", "pmid": "22787502", "pmid_cited": "19513288"}
{"article_title": "Endothelial progenitor cell research in stroke: a potential shift in pathophysiological and therapeutical concepts", "name": "RP Rouhl; RJ van Oostenbrugge; J Damoiseaux; JW Cohen Tervaert; J Lodder", "journal": "Stroke", "doi_cited": "", "journal_type": "journal", "ref_id": "B2", "pmc": "3391623", "pmid": "22787502", "pmid_cited": "18451350"}
{"article_title": "Role of casein phosphopeptide amorphous calcium phosphate in remineralization of white spot lesions and inhibition of Streptococcus mutans?", "name": "R Vashisht; R Indira; S Ramachandran; A Kumar; MR Srinivasan", "journal": "J Conserv Dent", "doi_cited": "", "journal_type": "journal", "ref_id": "ref1", "pmc": "4815554", "pmid": "27099432", "pmid_cited": "23956538"}
{"article_title": "Does casein phosphopeptid amorphous calcium phosphate provide remineralization on white spot lesions and inhibition of Streptococcus mutans?", "name": "A Aykut-Yetkiner; N Kara; M Ate\u015f; N Ersin; F Ertu\u011frul", "journal": "J Clin Pediatr Dent", "doi_cited": "", "journal_type": "journal", "ref_id": "ref2", "pmc": "4815554", "pmid": "27099432", "pmid_cited": "25571679"}
{"article_title": "Skeletal muscle-specific CPT1 deficiency elevates lipotoxic intermediates but preserves insulin sensitivity", "name": "W Shi; S Hu; W Wang; X Zhou; W Qiu", "journal": "", "doi_cited": "", "journal_type": "journal", "ref_id": "B1", "pmc": "4052203", "pmid": "24949487", "pmid_cited": ""}
{"article_title": "Prognostic utility of coronary computed tomographic angiography: a 5-year follow-up in type 2 diabetes patients with suspected coronary artery disease", "name": "D. Liu; H. Jia; Y. Fu; W. He; D. Ma", "journal": "", "doi_cited": "", "journal_type": "journal", "ref_id": "B1", "pmc": "4309309", "pmid": "25662769", "pmid_cited": ""}
{"article_title": "Sample size estimation and power analysis for clinical research studies", "name": "KP Suresh; S Chandrashekara", "journal": "J Hum Reprod Sci", "doi_cited": "", "journal_type": "journal", "ref_id": "ref1", "pmc": "4601181", "pmid": "26538865", "pmid_cited": "22870008"}
{"article_title": "Issues in outcomes research: An overview of randomization techniques for clinical trials", "name": "M Kang; BG Ragan; JH Park", "journal": "J Athl Train", "doi_cited": "", "journal_type": "journal", "ref_id": "ref2", "pmc": "4601181", "pmid": "26538865", "pmid_cited": "18345348"}
{"article_title": "Understanding implantation window, a crucial phenomenon", "name": "A Sharma; P Kumar", "journal": "J Hum Reprod Sci", "doi_cited": "", "journal_type": "journal", "ref_id": "ref1", "pmc": "4601182", "pmid": "26538866", "pmid_cited": "22870007"}
{"article_title": "Endometrial receptivity markers, the journey to successful embryo implantation", "name": "H Achache; A Revel", "journal": "Hum Reprod Update", "doi_cited": "", "journal_type": "journal", "ref_id": "ref2", "pmc": "4601182", "pmid": "26538866", "pmid_cited": "16982667"}
{"article_title": "A rare cause for primary amenorrhea", "name": "KH Noorul Ameen; R Pinninti", "journal": "J Hum Reprod Sci", "doi_cited": "", "journal_type": "journal", "ref_id": "ref1", "pmc": "4691982", "pmid": "26752864", "pmid_cited": "23162364"}
{"article_title": "A rare cause for primary amenorrhea: Sporadic perrault syndrome", "name": "KH Noorul Ameen; R Pinninti", "journal": "Indian J Endocr Metab", "doi_cited": "", "journal_type": "journal", "ref_id": "ref2", "pmc": "4691982", "pmid": "26752864", "pmid_cited": ""}
{"article_title": "Cure of chronic viral infection and virus-induced type 1 diabetes by neutralizing antibodies", "name": "M. Ejrnaes; M. G. von Herrath; U. Christen", "journal": "", "doi_cited": "", "journal_type": "journal", "ref_id": "B1", "pmc": "4745270", "pmid": "26902673", "pmid_cited": "16603445"}
{"article_title": "ICMJE, Recommendations for the Conduct, Reporting, Editing, and Publication of Scholarly Work in Medical Journals", "name": "", "journal": "", "doi_cited": "", "journal_type": "webpage", "ref_id": "ref1", "pmc": "4158578", "pmid": "25210251", "pmid_cited": ""}
{"article_title": "Neutrophil extracellular traps: Their role in periodontal disease", "name": "LK Kolaparthy; S Sanivarapu; C Swarna; NS Devulapalli", "journal": "J Indian Soc Periodontol", "doi_cited": "", "journal_type": "journal", "ref_id": "ref1", "pmc": "4439617", "pmid": "26015658", "pmid_cited": "25624623"}
{"article_title": "Neutrophil extracellular traps as a new paradigm in innate immunity: Friend or foe?", "name": "PR Cooper; LJ Palmer; IL Chapple", "journal": "Periodontol 2000", "doi_cited": "", "journal_type": "journal", "ref_id": "ref2", "pmc": "4439617", "pmid": "26015658", "pmid_cited": "23931060"}
{"article_title": "In-dental office screening for diabetes mellitus using gingival crevicular blood", "name": "MR Rao; MC Reddy; SS Sunder; B Kolasani; G Kiranmai; KR Kumar", "journal": "J Int Soc Prevent Communit Dent", "doi_cited": "", "journal_type": "journal", "ref_id": "ref1", "pmc": "4606610", "pmid": "26539398", "pmid_cited": ""}
{"article_title": "Screening for diabetes mellitus using gingival crevicular blood with the help of a self-monitoring device", "name": "S Gaikwad; V Jadhav; A Gurav; AR Shete; HM Dearda", "journal": "Journal of Periodontal & Implant Science", "doi_cited": "", "journal_type": "journal", "ref_id": "ref2", "pmc": "4606610", "pmid": "26539398", "pmid_cited": "23508055"}
{"article_title": "Effectiveness of chemomechanical caries removal agents Papacarie\u00ae and Carie-Care\u2122 in primary molars: An in vitro study", "name": "S Sahana; AA Vasa; D Geddam; VK Reddy; S Nalluri; N Velagapudi", "journal": "J Int Soc Prevent Communit Dent", "doi_cited": "", "journal_type": "journal", "ref_id": "ref1", "pmc": "4981945", "pmid": "27583231", "pmid_cited": ""}
{"article_title": "Evaluation of the Efficacy of Caries Removal Using Polymer Bur, Stainless Steel Bur, Carisolv, Papacarie \u2013 An Invitro Comparative Study", "name": "G Divya; MG Prasad; AAK Vasa; D Vasanthi; B Ramanarayana; P Mynampati", "journal": "Journal of Clinical and Diagnostic Research: JCDR", "doi_cited": "", "journal_type": "journal", "ref_id": "ref2", "pmc": "4981945", "pmid": "27583231", "pmid_cited": "26393204"}
{"article_title": "A Phase III, Randomized, Double-Blind, Matched-Pairs, Active-Controlled Clinical Trial and Preclinical Animal Study to Compare the Durability, Efficacy and Safety between Polynucleotide Filler and Hyaluronic Acid Filler in the Correction of Crow's Feet: A New Concept of Regenerative Filler", "name": "CS Pak; J Lee; H Lee; J Jeong; EH Kim; J Jeong; H Choi; B Kim; S Oh; I Kim; CY Heo", "journal": "J Korean Med Sci", "doi_cited": "", "journal_type": "journal", "ref_id": "B1", "pmc": "4729519", "pmid": "26839493", "pmid_cited": "25473210"}
{"article_title": "Why fish oil fails: a comprehensive 21st century lipids-based physiologic analysis", "name": "B. S. Peskin", "journal": "", "doi_cited": "10.1155/2014/495761", "journal_type": "journal", "ref_id": "B1", "pmc": "4220287", "pmid": "25382431", "pmid_cited": ""}
{"article_title": "Paraphenylene diamine poisoning", "name": "AC Jesudoss Prabhakaran", "journal": "J Nat Sc Biol Med", "doi_cited": "", "journal_type": "journal", "ref_id": "ref1", "pmc": "4934116", "pmid": "27433077", "pmid_cited": "23225987"}
{"article_title": "Paraphenylene diamine poisoning", "name": "AC Jesudoss Prabhakaran", "journal": "Indian J Pharmacol", "doi_cited": "", "journal_type": "journal", "ref_id": "ref2", "pmc": "4934116", "pmid": "27433077", "pmid_cited": "22701263"}
{"article_title": "Therapeutic effects of umbilical cord blood derived mesenchymal stem cell-conditioned medium on pulmonary arterial hypertension in rats", "name": "JC Lee; CI Cha; DS Kim; SY Choe", "journal": "J Pathol Transl Med", "doi_cited": "", "journal_type": "journal", "ref_id": "b1-jptm-2015-09-11-r", "pmc": "4963961", "pmid": "27459868", "pmid_cited": "26471341"}
{"article_title": "Sealing ability of lateral condensation, thermoplasticized gutta-percha and flowable gutta-percha obturation techniques: A comparative in vitro study", "name": "NS Mohan Kumar; PS Prabu; N Prabu; S Rathinasamy", "journal": "J Pharm Bioall Sci", "doi_cited": "", "journal_type": "journal", "ref_id": "ref1", "pmc": "4606725", "pmid": "26538983", "pmid_cited": ""}
{"article_title": "Evaluation and comparison of sealing ability of three different obturation techniques \u2014 Lateral condensation, Obtura II, and GuttaFlow: An in vitro study", "name": "K Anantula; AK Ganta", "journal": "J Conserv Dent", "doi_cited": "", "journal_type": "journal", "ref_id": "ref2", "pmc": "4606725", "pmid": "26538983", "pmid_cited": "21691508"}
{"article_title": "Combination restoration in full mouth rehabilitation", "name": "S Nayar; S Bhuminathan; R Mahadevan", "journal": "J Pharm Bioall Sci", "doi_cited": "", "journal_type": "journal", "ref_id": "ref1", "pmc": "5074031", "pmid": "27829779", "pmid_cited": ""}
{"article_title": "Combined Prosthesis with Extracoronal Castable Precision Attachments", "name": "N Gupta; A Bhasin; P Gupta; P Malhotra", "journal": "Case Rep Dent 2013", "doi_cited": "", "journal_type": "journal", "ref_id": "ref2", "pmc": "5074031", "pmid": "27829779", "pmid_cited": ""}
{"article_title": "Additive effect of propofol and fentanyl precipitating cardiogenic shock", "name": "A J Prabhakaran", "journal": "J Pharmacol Pharmacother", "doi_cited": "", "journal_type": "journal", "ref_id": "ref1", "pmc": "3826015", "pmid": "24250216", "pmid_cited": "23960431"}
{"article_title": "Cardiogenic shock following administration of propofol and fentanyl in a healthy woman: A case report", "name": "AR Gonz\u00e1lez; IL Martinez-Luengas; EMB Mart\u00edn; SS Gonz\u00e1lez; IA Pichel; PA Martinez; ES Li\u00e9bana; BD Molina", "journal": "J Med Case Rep", "doi_cited": "", "journal_type": "journal", "ref_id": "ref2", "pmc": "3826015", "pmid": "24250216", "pmid_cited": "21846377"}
{"article_title": "The effects of fetal gender on serum human chorionic gonadotropin and testosterone in normotensive and preeclamptic pregnancies", "name": "N Lorzadeh; S Kazemirad", "journal": "", "doi_cited": "", "journal_type": "journal", "ref_id": "B1", "pmc": "3854612", "pmid": "24349783", "pmid_cited": ""}
{"article_title": "Antenatal steroid therapy for fetal lung maturation and the subsequent risk of childhood asthma: a longitudinal analysis", "name": "J. D. Pole; C. A. Mustard; T. To; J. Beyene; A. C. Allen", "journal": "", "doi_cited": "", "journal_type": "journal", "ref_id": "B1", "pmc": "5080483", "pmid": "27818799", "pmid_cited": ""}
{"article_title": "Aortic dissection and rupture in a child", "name": "YJ Jo; EJ Lee; JW Oh; ", "journal": "Korean Circ J", "doi_cited": "", "journal_type": "journal", "ref_id": "B1", "pmc": "3409404", "pmid": "22870089", "pmid_cited": "21519516"}
{"article_title": "Aortic dissection and rupture in an 11-year-old child: a case report", "name": "LY Eun; DK Cho; YH Cho; KH Byun", "journal": "J Cardiol Cases", "doi_cited": "", "journal_type": "journal", "ref_id": "B2", "pmc": "3409404", "pmid": "22870089", "pmid_cited": ""}
{"article_title": "The Significance of the J-Curve in Hypertension and Coronary Artery Diseases", "name": "CG Park; JY Lee", "journal": "Korean Circ J", "doi_cited": "", "journal_type": "journal", "ref_id": "B1", "pmc": "3369973", "pmid": "22701141", "pmid_cited": "21860634"}
{"article_title": "The J-Curve Between Blood Pressure and Coronary Artery Disease or Essential Hypertension", "name": "FH Messerli; GS Panjrath", "journal": "J Am Coll Cardiol", "doi_cited": "", "journal_type": "journal", "ref_id": "B2", "pmc": "3369973", "pmid": "22701141", "pmid_cited": "19892233"}
{"article_title": "Implantable cardioverter-defibrillator lead extraction by conventional traction and counter-traction technique", "name": "JS Park; HN Pak; MH Lee; SS Kim; B Joung", "journal": "Korean Circ J", "doi_cited": "", "journal_type": "journal", "ref_id": "B1", "pmc": "4720843", "pmid": "26798395", "pmid_cited": "20830258"}
{"article_title": "Implantable cardioverter-defibrillator lead extraction by conventional traction and counter-traction technique", "name": "JS Park; HN Pak; MH Lee; SS Kim; B Joung", "journal": "Korean Circ J", "doi_cited": "", "journal_type": "journal", "ref_id": "B2", "pmc": "4720843", "pmid": "26798395", "pmid_cited": "21519518"}
{"article_title": "Mammalian target of rapamycin inhibitors for treatment in tuberous sclerosis", "name": "WS Kim", "journal": "Korean J Pediatr", "doi_cited": "", "journal_type": "journal", "ref_id": "B1", "pmc": "3693047", "pmid": "23807895", "pmid_cited": "21949518"}
{"article_title": "A novel carbamoyloxy arylalkanoyl arylpiperazine compound (SKL-NP) inhibits hyperpolarization-activated cyclic nucleotide-gated (HCN) channel currents in rat dorsal root ganglion neurons", "name": "G Chung; TH Kim; H Shin; E Chae; H Yi; H Moon; HJ Kim; JS Kim; SJ Jung; SB Oh", "journal": "Korean J Physiol Pharmacol", "doi_cited": "", "journal_type": "journal", "ref_id": "B1", "pmc": "3484524", "pmid": "23118563", "pmid_cited": "22915988"}
{"article_title": "Effects of estrogen deprivation on the rabbit clitoral cavernosal fibrosis", "name": "KS Park; SB Ryu; YI Park; KY Ahn", "journal": "Korean J Urol", "doi_cited": "", "journal_type": "journal", "ref_id": "B1", "pmc": "3531647", "pmid": "23301138", "pmid_cited": ""}
{"article_title": "A study on course of infection and haematological changes in falciparum-infected in comparis on with Artemisinin(s)-treated mice", "name": "KK Kuthala; S Meka; S Kanikaram", "journal": "", "doi_cited": "", "journal_type": "journal", "ref_id": "B1", "pmc": "4082897", "pmid": "25024865", "pmid_cited": ""}
{"article_title": "Correlation Between High-Density Lipoprotein and Monocyte Subsets in Patients with Stable Coronary Heart Disease", "name": "Shaoyan Jiang; Dan Li; Jian Li; Yi An", "journal": "Med Sci Monit", "doi_cited": "", "journal_type": "journal", "ref_id": "b1-medscimonit-22-415", "pmc": "4750758", "pmid": "26853100", "pmid_cited": "26474031"}
{"article_title": "Effects of Bariatric Surgery on Incidence of Obesity-Related Cancers: A Meta-Analysis", "name": "Xiang-wu Yang; Peng-zhou Li; Li-yong Zhu; Shai-hong Zhu", "journal": "Med Sci\nMonit", "doi_cited": "", "journal_type": "journal", "ref_id": "b1-medscimonit-22-1751", "pmc": "4917316", "pmid": "27215479", "pmid_cited": "25961664"}
{"article_title": "Association study of TGFBR2 and miR-518 gene polymorphisms with age at natural menopause, premature ovarian failure and early menopause among Chinese Han women.", "name": "X Ma; Y Chen; X Zhao; ", "journal": "", "doi_cited": "", "journal_type": "journal", "ref_id": "R1", "pmc": "4602625", "pmid": "25546655", "pmid_cited": "25365407"}
{"article_title": "Rebamipide plus proton pump inhibitor versus proton pump inhibitor alone in treatment of endoscopic submucosal dissection-induced gastric ulcer: a meta-analysis of randomized controlled trials.", "name": "J Xiong; S Lai; P Zhang; ", "journal": "", "doi_cited": "", "journal_type": "journal", "ref_id": "R1", "pmc": "4602620", "pmid": "25546656", "pmid_cited": "25211045"}
{"article_title": "Findings of research misconduct.", "name": "A Department of Health and Human Services Office of Research Integrity", "journal": "Fed Regist", "doi_cited": "", "journal_type": "journal", "ref_id": "B1", "pmc": "3623645", "pmid": "23580193", "pmid_cited": ""}
{"article_title": "Consensus guidelines for CSF and blood biobanking for CNS biomarker studies", "name": "C. E. Teunissen; H. Tumani; J. L. Bennett; ", "journal": "", "doi_cited": "10.1155/2011/246412", "journal_type": "journal", "ref_id": "B1", "pmc": "4977423", "pmid": "27529034", "pmid_cited": ""}
{"article_title": "A consensus protocol for the standardization of cerebrospinal fluid collection and biobanking", "name": "C. E. Teunissen; A. Petzold; J. L. Bennett; ", "journal": "", "doi_cited": "", "journal_type": "journal", "ref_id": "B2", "pmc": "4977423", "pmid": "27529034", "pmid_cited": "19949037"}
{"article_title": "Platelet-rich plasma in periodontal defect treatment after extraction of impacted mandibular third molars", "name": "S Moghe; N Saini; A Moghe", "journal": "Natl J Maxillofac Surg", "doi_cited": "", "journal_type": "journal", "ref_id": "ref1", "pmc": "4405985", "pmid": "25937754", "pmid_cited": "23833487"}
{"article_title": "Use of autologous platelet-rich plasma (PRP) in periodontal defect treatment after extraction of impacted mandibular third molars", "name": "G1 Sammartino; M Tia; G Marenzi; AE di Lauro; E D\u2019Agostino; PP Claudio", "journal": "J Oral Maxillofac Surg", "doi_cited": "", "journal_type": "journal", "ref_id": "ref2", "pmc": "4405985", "pmid": "25937754", "pmid_cited": "15944972"}
{"article_title": "A holy grail of asthma management: toward understanding how long-acting \u03b22-adrenoceptor agonists enhance the clinical efficacy of inhaled corticosteroids", "name": "MA Giembycz; M Kaur; R Leigh; R Newton", "journal": "Br J Pharmacol", "doi_cited": "", "journal_type": "journal", "ref_id": "CR1", "pmc": "4835748", "pmid": "19424682", "pmid_cited": "18071293"}
{"article_title": "Inhaled corticosteroids and long-acting beta-agonists in adult asthma: a winning combination in all?", "name": "DS Postma; HAM Kerstjens; NHT ten Hacken", "journal": "Naunyn-Schmiedeberg\u2019s Arch Pharmacol", "doi_cited": "", "journal_type": "journal", "ref_id": "CR2", "pmc": "4835748", "pmid": "19424682", "pmid_cited": "18500509"}
{"article_title": "Peripheral cytokines as a chemical mediator for postconcussion like sickness behaviour in trauma and perioperative patients: literature Review", "name": "Y Rehman; N Rehman; R Rehman", "journal": "", "doi_cited": "", "journal_type": "journal", "ref_id": "B1", "pmc": "4121225", "pmid": "25120929", "pmid_cited": ""}
{"article_title": "What Makes A Journal Great?", "name": "A. F. Uba", "journal": "Niger Med J", "doi_cited": "", "journal_type": "journal", "ref_id": "ref1", "pmc": "4697224", "pmid": "26759521", "pmid_cited": "21968564"}
{"article_title": "What Makes a Good Journal Great?", "name": "N Girard", "journal": "AORN Journal Dec", "doi_cited": "", "journal_type": "journal", "ref_id": "ref2", "pmc": "4697224", "pmid": "26759521", "pmid_cited": ""}
{"article_title": "The effects of obesity and HER-2 polymorphisms as risk factors for endometrial cancer in Korean women", "name": "SY Tong; SY Ha; KD Ki; JM Lee; SK Lee; KB Lee; ", "journal": "BJOG", "doi_cited": "", "journal_type": "journal", "ref_id": "B1", "pmc": "4175609", "pmid": "25264539", "pmid_cited": "19438491"}
{"article_title": "Enhancing effectiveness of endocrine therapy in hormone receptor-positive advanced breast cancer.", "name": " F Andr\u00e9", "journal": "Medscape Education Oncology", "doi_cited": "", "journal_type": "journal", "ref_id": "ref1", "pmc": "4419608", "pmid": "", "pmid_cited": ""}
{"article_title": "Open reduction and internal fixation of displaced clavicle fractures in adolescents.", "name": "HS Hosalkar; G Parikh; JD Bomar; B Bittersohl", "journal": "Orthop Rev (Pavia)", "doi_cited": "", "journal_type": "journal", "ref_id": "ref1", "pmc": "3808803", "pmid": "24191188", "pmid_cited": "22577497"}
{"article_title": "Is hippocampus susceptible to antinociceptive tolerance to NSAIDs like the periaqueductal grey?", "name": "N. Tsiklauri; I. Nozadze; G. Gurtskaia; M. G. Tsagareli", "journal": "", "doi_cited": "", "journal_type": "journal", "ref_id": "B1", "pmc": "4870332", "pmid": "27274871", "pmid_cited": ""}
{"article_title": "Detection of ESBL among AmpC producing enterobacteriaceae using inhibitor-based method", "name": "S Bakthavatchalu; U Shakthivel; T Mishra", "journal": "Pan Afr Med J", "doi_cited": "", "journal_type": "journal", "ref_id": "CIT0001", "pmc": "3921981", "pmid": "24523949", "pmid_cited": "23504148"}
{"article_title": "Comparison of the boronic acid disk potentiation test and cefepime-clavulanic acid method for the detection of ESBL among AmpC-producing Enterobacteriaceae", "name": "RM Shoorashetty; T Nagarathnamma; J Prathibha", "journal": "Indian J Med Microbiol", "doi_cited": "", "journal_type": "journal", "ref_id": "CIT0002", "pmc": "3921981", "pmid": "24523949", "pmid_cited": "21860114"}
{"article_title": "Randomized Trial Comparing the Flexible 19G and 25G Needles for Endoscopic Ultrasound-Guided Fine Needle Aspiration of Solid Pancreatic Mass Lesions.", "name": "J Ramesh; JY Ban; S Herbert-Magee; ", "journal": "", "doi_cited": "", "journal_type": "journal", "ref_id": "R1", "pmc": "4851221", "pmid": "26658040", "pmid_cited": "25232713"}
{"article_title": "Oral carcinogenesis and oral cancer chemoprevention: a review", "name": "T. Tanaka; M. Tanaka; T. Tanaka", "journal": "", "doi_cited": "10.4061/2011/431246", "journal_type": "journal", "ref_id": "B1", "pmc": "4940580", "pmid": "27433369", "pmid_cited": ""}
{"article_title": "Adverse drug reactions to antiretroviral therapy (ART): an experience of spontaneous reporting and intensive monitoring from ART centre in India", "name": "RR Modayil; A Harugeri; G Parthasarathi; M Ramesh; R Prasad; V Naik; V Giriyapura", "journal": "Pharmacoepidemiol Drug Saf", "doi_cited": "", "journal_type": "journal", "ref_id": "B1", "pmc": "3798167", "pmid": "24155809", "pmid_cited": "20066675"}
{"article_title": "", "name": "", "journal": "What to do\nif you suspect plagiarism. b) Suspected plagiarism in a published\narticle", "doi_cited": "", "journal_type": "other", "ref_id": "B2", "pmc": "3798167", "pmid": "24155809", "pmid_cited": ""}
{"article_title": "Probing misconduct: treading a dangerous path", "name": "P Balaran", "journal": "Curr Sci", "doi_cited": "", "journal_type": "journal", "ref_id": "B3", "pmc": "3798167", "pmid": "24155809", "pmid_cited": ""}
{"article_title": "\"Publish or perish\"", "name": "AN Brandon", "journal": "Bull Med Libr Assoc", "doi_cited": "", "journal_type": "journal", "ref_id": "B4", "pmc": "3798167", "pmid": "24155809", "pmid_cited": "14014954"}
{"article_title": "The problem of plagiarism", "name": "MS  Anderson; NH Steneck", "journal": "Urol Oncol", "doi_cited": "", "journal_type": "journal", "ref_id": "B5", "pmc": "3798167", "pmid": "24155809", "pmid_cited": "21194643"}
{"article_title": "Plagiarism detection - quality management tool for all scientific journals", "name": "K Bazdaric", "journal": "Croat Med J", "doi_cited": "", "journal_type": "journal", "ref_id": "B6", "pmc": "3798167", "pmid": "24155809", "pmid_cited": "22351571"}
{"article_title": "The 'self-plagiarism' oxymoron: can one steal from oneself?", "name": "GP Chrousos; SN Kalantaridou; AN Margioris; A Gravanis", "journal": "Eur J Clin Invest", "doi_cited": "", "journal_type": "journal", "ref_id": "B7", "pmc": "3798167", "pmid": "24155809", "pmid_cited": "22268677"}
{"article_title": "", "name": "", "journal": "Overlapping Publications", "doi_cited": "", "journal_type": "other", "ref_id": "B8", "pmc": "3798167", "pmid": "24155809", "pmid_cited": ""}
{"article_title": "Catch system gamers", "name": "M Anderson", "journal": "Nature", "doi_cited": "", "journal_type": "journal", "ref_id": "B9", "pmc": "3798167", "pmid": "24155809", "pmid_cited": ""}
{"article_title": "The international catalogue of scientific literature", "name": "C Adler", "journal": "Science", "doi_cited": "", "journal_type": "journal", "ref_id": "B10", "pmc": "3798167", "pmid": "24155809", "pmid_cited": ""}
{"article_title": "Flag plagiarized studies", "name": "H Garner", "journal": "Nature", "doi_cited": "", "journal_type": "journal", "ref_id": "B11", "pmc": "3798167", "pmid": "24155809", "pmid_cited": "22222735"}
{"article_title": "Blacklist repeat offenders", "name": "Y Zhang; I McIntosh", "journal": "Nature", "doi_cited": "", "journal_type": "other", "ref_id": "B12", "pmc": "3798167", "pmid": "24155809", "pmid_cited": ""}
{"article_title": "What is the future of peer review? Why is there fraud in science? Is plagiarism out of control? Why do scientists do bad things? Is it all a case of: \"all that is necessary for the triumph of evil is that good men do nothing\"?", "name": "CR Triggle; DJ Triggle", "journal": "Vasc Health Risk Manag", "doi_cited": "", "journal_type": "journal", "ref_id": "B13", "pmc": "3798167", "pmid": "24155809", "pmid_cited": "17583174"}
{"article_title": "Handling of scientific dishonesty in the Nordic countries. National Committees on Scientific Dishonesty in the Nordic Countries", "name": "M Nylenna; D Andersen; G Dahlquist; M Sarvas; A Aakvaag", "journal": "Lancet", "doi_cited": "", "journal_type": "journal", "ref_id": "B14", "pmc": "3798167", "pmid": "24155809", "pmid_cited": "10406378"}
{"article_title": "A role for PPAR\u03b3 in in the regulation of cytokines in immune cells and cancer", "name": "X. Y. Yang; L. H. Wang; W. L. Farrar", "journal": "", "doi_cited": "10.1155/2008/961753", "journal_type": "journal", "ref_id": "B1", "pmc": "4313518", "pmid": "25687685", "pmid_cited": ""}
{"article_title": "Predictive role of ADA in bronchoalveolar lavage fluid in making the diagnosis of pulmonary tuberculosis", "name": "F Binesh; A Halvani", "journal": "", "doi_cited": "", "journal_type": "journal", "ref_id": "B1", "pmc": "4058149", "pmid": "24977039", "pmid_cited": ""}
{"article_title": "Therapeutic management of the hallux rigidus", "name": "A Aggarwal; S Kumar; R Kumar", "journal": "", "doi_cited": "", "journal_type": "journal", "ref_id": "B1", "pmc": "4046096", "pmid": "24904753", "pmid_cited": ""}
{"article_title": "Labor pain relief for parturients: We can do better", "name": "X Wang; F Wang", "journal": "Saudi J Anaesth", "doi_cited": "", "journal_type": "journal", "ref_id": "ref1", "pmc": "4374247", "pmid": "25830812", "pmid_cited": "25558189"}
{"article_title": "Labor pain relief for parturients: We can do better", "name": "X Wang; F Wang", "journal": "Saudi J Anaesth", "doi_cited": "", "journal_type": "journal", "ref_id": "ref2", "pmc": "4374247", "pmid": "25830812", "pmid_cited": "24665231"}
{"article_title": "Recent advances in DENV receptors", "name": "S Fang; Y Wu; N Wu; J Zhang; J An", "journal": "", "doi_cited": "", "journal_type": "journal", "ref_id": "B1", "pmc": "3856342", "pmid": "24348145", "pmid_cited": ""}
{"article_title": "Process evaluation of a positive youth development program in Hong Kong based on different cohorts", "name": "BMF Law; DTL Shek", "journal": "", "doi_cited": "", "journal_type": "journal", "ref_id": "B1", "pmc": "4038915", "pmid": "24977227", "pmid_cited": ""}
{"article_title": "Intelligent advisory speed limit dedication in highway using VANET", "name": "A. Jalooli; E. Shaghaghi; M. R. Jabbarpour; R. Md Noor; H. Yeo; J. J. Jung", "journal": "", "doi_cited": "", "journal_type": "journal", "ref_id": "B1", "pmc": "4697660", "pmid": "26793776", "pmid_cited": ""}
{"article_title": "Slope stability analysis using limit equilibrium method in nonlinear criterion", "name": "H. Lin; W. Zhong; W. Xiong; W. Tang", "journal": "", "doi_cited": "10.1155/2014/206062", "journal_type": "journal", "ref_id": "B1", "pmc": "4302369", "pmid": "25639328", "pmid_cited": ""}
{"article_title": "Variations in stable carbon isotope composition and leaf traits of Picea schrenkiana var. tianschanica along an altitude gradient in Tianshan Mountains, Northwest China", "name": "H. Zhang; J. Ma; W. Sun; F. Chen", "journal": "", "doi_cited": "10.1155/2014/243159", "journal_type": "journal", "ref_id": "B1", "pmc": "4379428", "pmid": "25853143", "pmid_cited": ""}
{"article_title": "Differential evolution algorithm with diversified vicinity operator for optimal routing and clustering of energy efficient wireless sensor networks", "name": "S. Sumithra; T. A. A. Victoire", "journal": "", "doi_cited": "", "journal_type": "journal", "ref_id": "B1", "pmc": "4857055", "pmid": "27200405", "pmid_cited": ""}
{"article_title": "An improved differential evolution solution for software project scheduling problem", "name": "A. C. Biju; T. Aruldoss Albert Victoire; K. Mohanasundaram", "journal": "", "doi_cited": "", "journal_type": "journal", "ref_id": "B1", "pmc": "4857056", "pmid": "27200406", "pmid_cited": ""}
{"article_title": "Dynamic harmony search with polynomial mutation algorithm for valve-point economic load dispatch", "name": "M. Karthikeyan; T. Sree Ranga Raja", "journal": "", "doi_cited": "", "journal_type": "journal", "ref_id": "B1", "pmc": "4857057", "pmid": "27200407", "pmid_cited": ""}
{"article_title": "An automatic web service composition framework using QoS-based web service ranking algorithm", "name": "D. Mallayya; B. Ramachandran; S. Viswanathan", "journal": "", "doi_cited": "", "journal_type": "journal", "ref_id": "B1", "pmc": "4857054", "pmid": "27200409", "pmid_cited": ""}
{"article_title": "Medical dataset classification: a machine learning paradigm integrating particle swarm optimization with extreme learning machine classifier", "name": "C. V. Subbulakshmi; S. N. Deepa", "journal": "", "doi_cited": "", "journal_type": "journal", "ref_id": "B1", "pmc": "4857053", "pmid": "27200410", "pmid_cited": ""}
{"article_title": "Epidemiological pattern of newly diagnosed children with type 1 diabetes mellitus, Taif, Saudi Arabia", "name": "N. M. K. Alanani; A. A. Alsulaimani", "journal": "", "doi_cited": "", "journal_type": "journal", "ref_id": "B1", "pmc": "5007457", "pmid": "27631022", "pmid_cited": ""}
{"article_title": "Electroadsorption desalination with carbon nanotube/PAN-based carbon fiber felt composites as electrodes", "name": "Y. Liu; J. Zhou", "journal": "", "doi_cited": "", "journal_type": "journal", "ref_id": "B1", "pmc": "4976284", "pmid": "27525301", "pmid_cited": ""}
{"article_title": "Changes of radial diffusivity and fractional anisotopy in the optic nerve and optic radiation of glaucoma patients", "name": "T. Engelhorn; G. Michelson; S. Waerntges; ", "journal": "", "doi_cited": "", "journal_type": "journal", "ref_id": "B1", "pmc": "4823624", "pmid": "27110591", "pmid_cited": ""}
{"article_title": "An improved ant colony optimization approach for optimization of process planning", "name": "J. Wang; X. Fan; H. Ding", "journal": "", "doi_cited": "10.1155/2014/294513", "journal_type": "journal", "ref_id": "B1", "pmc": "4823625", "pmid": "27110592", "pmid_cited": ""}
{"article_title": "Flavonoid-deficient mutants in grass pea (Lathyrus sativus L.): genetic control, linkage relationships, and mapping with aconitase and S-nitrosoglutathione reductase isozyme loci", "name": "D. Talukdar", "journal": "", "doi_cited": "", "journal_type": "journal", "ref_id": "B1", "pmc": "5023849", "pmid": "27689130", "pmid_cited": ""}
{"article_title": "Results of surgical and nonsurgical treatment of aneurysms in a developing country", "name": "K. Ghandehari; F. Ahmadi; A. Afzalnia", "journal": "", "doi_cited": "", "journal_type": "journal", "ref_id": "B1", "pmc": "4753723", "pmid": "26949560", "pmid_cited": ""}
{"article_title": "Solid hemangioblastoma in the cerebellopontine angle: Importance of external carotid blood supply with regard to the probable site of origin and preoperative embolization", "name": "RK Meena; S Dhandapani; V Gupta; A Srinivasan; D Chatterjee", "journal": "Surg Neurol Int", "doi_cited": "", "journal_type": "journal", "ref_id": "ref1", "pmc": "4838924", "pmid": "27127707", "pmid_cited": "26862451"}
{"article_title": "Preparation and evaluation of Lu-177 phytate Complex for Radiosynovectomy", "name": "H Yousefnia; AR Jalilian; S Zolghadri", "journal": "World J Nucl Med", "doi_cited": "", "journal_type": "journal", "ref_id": "ref1", "pmc": "4729026", "pmid": "26912989", "pmid_cited": "25191108"}
{"article_title": "Development of 177Lu-phytate Complex for Radiosynovectomy", "name": "H Yousefnia; AR Jalilian; A Bahrami-Samani; M Mazidi; Maragheh M Ghannadi; F Abbasi-Davani", "journal": "Iranian Journal of Basic Medical Sciences", "doi_cited": "", "journal_type": "journal", "ref_id": "ref2", "pmc": "4729026", "pmid": "26912989", "pmid_cited": "23826493"}
{"article_title": "Development of 166 Holmium-1,2 Propylene Di-amino Tetra (Methy1enephosphonicacid) as a Possible Bone Palliation Agent", "name": "S Zolghadri; AR Jalilian; H Yousefnia; A Bahrami-Samani; M Ghannadi-Maragheh", "journal": "World J Nucl Med", "doi_cited": "", "journal_type": "journal", "ref_id": "ref1", "pmc": "4729027", "pmid": "26912990", "pmid_cited": "25191109"}
{"article_title": "Production, Quality Control and Biological Evaluation of 166Ho-PDTMP as a Possible Bone Palliation Agent", "name": "S Zolghadri; AR Jalilian; Z Naseri; ", "journal": "Iranian Journal of Basic Medical Sciences", "doi_cited": "", "journal_type": "journal", "ref_id": "ref2", "pmc": "4729027", "pmid": "26912990", "pmid_cited": "23826495"}
{"article_title": "Multilocular Disseminated Tarlov Cysts: Importance of Imaging", "name": "S Padma; P S Sundaram", "journal": "World J Nucl Med", "doi_cited": "", "journal_type": "journal", "ref_id": "ref1", "pmc": "4729028", "pmid": "26912991", "pmid_cited": "25191117"}
{"article_title": "Multilocular disseminated Tarlov cysts: Importance of imaging and management options", "name": "S Padma; SS Palaniswamy", "journal": "Indian Journal of Nuclear Medicine: IJNM: The Official Journal of the Society of Nuclear Medicine, India", "doi_cited": "", "journal_type": "journal", "ref_id": "ref2", "pmc": "4729028", "pmid": "26912991", "pmid_cited": ""}
{"article_title": "Cortical margining capabilities of fins associated with ventral cervical spine instrumentation", "name": "BH Jin; HD Kwon; YE Cho", "journal": "Yonsei Med J", "doi_cited": "", "journal_type": "journal", "ref_id": "B1", "pmc": "2687645", "pmid": "16642565", "pmid_cited": "15988809"}
{"article_title": "Bilateral Popliteal Artery Aneurysms with Rupture and Pseudoaneurysm Formation on the Left", "name": "S. Canbaz; T. Ege; G. Saygin; H. Sunar; E. Duran", "journal": "EJVES Extra", "doi_cited": "", "journal_type": "journal", "ref_id": "B1", "pmc": "2628176", "pmid": "18159609", "pmid_cited": ""}
{"article_title": "Bilateral Popliteal Artery Aneurysms with Rupture and Pseudoaneurysm Formation on the Left", "name": "Canbaz Suat; Ege Turan; Sunar Hasan; Saygin Gogun; Duran Enver", "journal": "Yonsei Med J", "doi_cited": "", "journal_type": "journal", "ref_id": "B2", "pmc": "2628176", "pmid": "18159609", "pmid_cited": "12619192"}
{"article_title": "Human papillomavirus type 16 E5 protein as a therapeutic target", "name": "SW Kim; JS Yang", "journal": "Yonsei Med J", "doi_cited": "", "journal_type": "journal", "ref_id": "B1", "pmc": "3101041", "pmid": "21488204", "pmid_cited": "16502480"}
{"article_title": "Prognostic and predictive value of CEA and CYFRA 21-1 levels in advanced non-small cell lung cancer patients treated with gefitinib or erlotinib", "name": "M Jung; SH Kim; YJ Lee; S Hong; YA Kang; SK Kim; ", "journal": "Exp Ther Med", "doi_cited": "", "journal_type": "journal", "ref_id": "B1", "pmc": "3521263", "pmid": "23225832", "pmid_cited": "22977560"}
{"article_title": "Prognostic and predictive value of carcinoembryonic antigen and cytokeratin-19 fragments levels in advanced non-small cell lung cancer patients treated with gefitinib or erlotinib", "name": "M Jung; SH Kim; S Hong; YA Kang; SK Kim; J Chang; ", "journal": "Yonsei Med J", "doi_cited": "", "journal_type": "journal", "ref_id": "B2", "pmc": "3521263", "pmid": "23225832", "pmid_cited": "22869475"}
{"article_title": "Hydrogen Peroxide as an Effective Disinfectant for Pasteurella multocida", "name": "IS Jung; HJ Kim; WY Jung; CW Kim", "journal": "Yonsei Med J", "doi_cited": "", "journal_type": "journal", "ref_id": "B1", "pmc": "4696967", "pmid": "26632414", "pmid_cited": "24954350"}
{"article_title": "Use of hydrogen peroxide as an effective disinfectant to Actinobacillus ureae", "name": "HH Jang; SH Ann; MD Kim; CW Kim", "journal": "Process Biochem", "doi_cited": "", "journal_type": "journal", "ref_id": "B2", "pmc": "4696967", "pmid": "26632414", "pmid_cited": ""}
{"article_title": "Removal notice to \"Use of hydrogen peroxide as an effective disinfectant to Actinobacillus ureae\" [Process Biochem. 43(March (3)) (2008) 225-228]", "name": "HH Jang; SH Ann; MD Kim; CW Kim", "journal": "Process Biochem", "doi_cited": "", "journal_type": "journal", "ref_id": "B3", "pmc": "4696967", "pmid": "26632414", "pmid_cited": ""}